text_id,cohesion,syntax,vocabulary,phraseology,grammar,conventions
0000C359D63E,2.83330400952381,2.7034957142857143,3.0230502714285716,2.9100301666666666,2.6459599523809527,2.6469424476190473
000BAD50D026,2.5972401142857144,2.443963495238095,2.6936356,2.3414501523809523,2.1380715095238094,2.5608191714285713
00367BB2546B,3.546981,3.3543902857142855,3.570884657142857,3.499786061904762,3.3574644285714283,3.2876906523809524
